index,common,construction,all,,,
1,4,0,4,,,
2,5,0,5,,,
3,7,0,7,,,
4,4,0,4,,,
5,9,0,9,,,
6,4,0,4,,,
7,6,0,6,,,
8,1,0,1,,,
9,19,0,19,,,31
10,2,0,2,,,
11,9,0,9,,,
12,4,0,4,,,
13,5,0,5,,,
14,5,0,5,,,
15,9,0,9,,,
16,6,0,6,,,
17,1,1,2,,,
18,6,1,7,,,
19,10,0,10,,,
20,3,0,3,,,
21,9,0,9,,,
22,4,0,4,,,
23,1,0,1,,,
24,4,0,4,,,
25,3,1,4,,,
26,1,0,1,,,
27,3,0,3,,,
28,18,0,18,,,
29,3,0,3,,,
30,9,0,9,,,
31,2,0,2,,,
32,12,0,12,,,
33,4,0,4,,,
34,2,0,2,,,
35,2,0,2,,,
36,0,4,4,,,
37,1,0,1,,,
38,11,0,11,,,
39,4,0,4,,,
40,4,1,5,,,
41,3,0,3,,,
42,5,0,5,,,
43,2,0,2,,,
44,6,0,6,,,
45,3,0,3,,,
46,3,0,3,,,
47,2,0,2,,,
48,7,0,7,,,
49,1,0,1,,,
50,6,0,6,,,
51,6,0,6,,,
52,3,0,3,,,
53,2,0,2,,,
54,2,0,2,,,
55,8,0,8,,,
56,4,0,4,,,
57,2,0,2,,,
58,14,0,14,,,
59,2,0,2,,,
60,6,0,6,,,
61,2,0,2,,,
62,1,0,1,,,
63,3,0,3,,,
64,16,0,16,,,
65,11,0,11,,,
66,8,0,8,,,
67,6,0,6,,,
68,1,0,1,,,
69,6,0,6,,,
70,2,0,2,,,
71,5,0,5,,,
72,14,0,14,,,
73,3,0,3,,,
74,1,0,1,,,
75,14,0,14,,,
76,1,0,1,,,
77,3,0,3,,,
78,7,0,7,,,
79,4,0,4,,,
80,16,0,16,,,
81,5,0,5,,,
82,10,0,10,,,
83,4,0,4,,,
84,14,0,14,,,
85,1,0,1,,,
86,7,0,7,,,
87,2,0,2,,,
88,1,0,1,,,
89,2,0,2,,,
90,9,0,9,,,
91,9,0,9,,,
92,5,0,5,,,
93,4,0,4,,,
94,2,0,2,,,
95,2,0,2,,,
96,3,0,3,,,
97,4,0,4,,,
98,5,0,5,,,
99,6,0,6,,,
100,1,0,1,,,
101,1,0,1,,,
102,2,1,3,,,
103,4,0,4,,,
104,4,0,4,,,
105,3,0,3,,,
106,4,0,4,,,
107,9,0,9,,,
108,2,0,2,,,
109,5,0,5,,,
110,8,0,8,,,
111,4,0,4,,,
112,9,0,9,,,
113,9,0,9,,,
114,2,0,2,,,
115,4,0,4,,,
116,3,0,3,,,
117,4,0,4,,,
118,1,1,2,,,
119,3,0,3,,,
120,3,0,3,,,
121,1,0,1,,,
122,4,0,4,,,
123,3,0,3,,,
124,1,0,1,,,
125,27,0,27,,,
126,6,0,6,,,
127,2,0,2,,,
128,2,0,2,,,
129,2,0,2,,,
130,1,0,1,,,
131,1,0,1,,,
132,1,0,1,,,
133,6,0,6,,,
134,8,0,8,,,
135,6,0,6,,,
136,4,0,4,,,
137,1,0,1,,,
138,2,0,2,,,
139,7,0,7,,,
140,10,0,10,,,
141,4,1,5,,,
142,9,0,9,,,
143,8,0,8,,,
144,7,0,7,,,
145,1,0,1,,,
146,1,0,1,,,
147,7,0,7,,,
148,10,0,10,,,
149,7,0,7,,,
150,1,0,1,,,
151,9,0,9,,,
152,9,0,9,,,
153,5,0,5,,,
154,1,0,1,,,
155,9,0,9,,,
156,3,0,3,,,
157,5,0,5,,,
158,8,0,8,,,
159,6,1,7,,,
160,3,0,3,,,
161,3,0,3,,,
162,0,3,3,,,
163,1,0,1,,,
164,6,0,6,,,
165,15,0,15,,,
166,7,0,7,,,
167,5,0,5,,,
168,7,0,7,,,
169,4,0,4,,,
170,1,0,1,,,
171,2,0,2,,,
172,6,0,6,,,
173,4,0,4,,,
174,2,0,2,,,
175,3,0,3,,,
176,4,0,4,,,
177,4,1,5,,,
178,4,0,4,,,
179,2,0,2,,,
180,8,0,8,,,
181,6,0,6,,,
182,3,0,3,,,
183,13,0,13,,,
184,5,0,5,,,
185,2,0,2,,,
186,6,0,6,,,
187,3,0,3,,,
188,2,0,2,,,
189,11,0,11,,,
190,2,0,2,,,
191,7,0,7,,,
192,2,0,2,,,
193,7,0,7,,,
194,3,0,3,,,
195,1,0,1,,,
196,3,0,3,,,
197,7,0,7,,,
198,3,0,3,,,
199,8,0,8,,,
200,5,0,5,,,
201,5,0,5,,,
202,6,0,6,,,
203,11,0,11,,,
204,3,0,3,,,
205,5,0,5,,,
206,2,0,2,,,
207,4,0,4,,,
208,1,0,1,,,
209,3,0,3,,,
210,23,0,23,,,
211,9,1,10,,,
212,7,0,7,,,
213,11,0,11,,,
214,2,0,2,,,
215,2,0,2,,,
216,6,0,6,,,
217,4,0,4,,,
218,4,0,4,,,
219,3,0,3,,,
220,31,0,31,,,
221,14,0,14,,,
222,4,0,4,,,
223,18,0,18,,,
224,2,0,2,,,
225,1,0,1,,,
226,4,0,4,,,
227,6,0,6,,,
228,3,0,3,,,
229,4,0,4,,,
230,2,0,2,,,
231,4,0,4,,,
232,1,0,1,,,
233,4,0,4,,,
234,2,0,2,,,
235,2,0,2,,,
236,2,0,2,,,
237,4,0,4,,,
238,17,0,17,,,
239,8,0,8,,,
240,5,0,5,,,
241,4,0,4,,,
242,11,0,11,,,
243,6,0,6,,,
244,3,0,3,,,
245,5,0,5,,,
246,10,0,10,,,
247,5,0,5,,,
248,3,0,3,,,
249,2,0,2,,,
250,5,0,5,,,
251,4,0,4,,,
252,1,0,1,,,
253,8,0,8,,,
254,4,0,4,,,
255,3,0,3,,,
256,2,0,2,,,
257,10,0,10,,,
258,10,0,10,,,
259,2,0,2,,,
260,2,0,2,,,
261,10,1,11,,,
262,4,0,4,,,
263,2,0,2,,,
264,11,0,11,,,
265,8,0,8,,,
266,3,0,3,,,
267,2,0,2,,,
268,9,0,9,,,
269,7,0,7,,,
270,4,0,4,,,
271,3,0,3,,,
272,14,0,14,,,
273,3,0,3,,,
274,6,0,6,,,
275,7,0,7,,,
276,4,0,4,,,
277,6,0,6,,,
278,1,0,1,,,
279,5,0,5,,,
280,2,0,2,,,
281,5,0,5,,,
282,12,0,12,,,
283,2,0,2,,,
284,9,0,9,,,
285,4,0,4,,,
286,9,0,9,,,
287,6,0,6,,,
288,14,0,14,,,
289,8,0,8,,,
290,1,0,1,,,
291,3,0,3,,,
292,2,0,2,,,
293,4,0,4,,,
294,2,0,2,,,
295,2,0,2,,,
296,10,0,10,,,
297,5,0,5,,,
298,2,0,2,,,
299,6,0,6,,,
300,2,1,3,,,
301,14,0,14,,,
302,1,0,1,,,
303,4,0,4,,,
304,1,0,1,,,
305,15,0,15,,,
306,6,0,6,,,
307,3,0,3,,,
308,7,0,7,,,
309,1,0,1,,,
310,8,0,8,,,
311,3,0,3,,,
312,2,0,2,,,
313,5,0,5,,,
314,10,0,10,,,
315,7,0,7,,,
316,3,0,3,,,
317,5,0,5,,,
318,3,0,3,,,
319,12,1,13,,,
320,13,0,13,,,
321,4,0,4,,,
322,7,0,7,,,
323,4,0,4,,,
324,1,0,1,,,
325,9,0,9,,,
326,4,0,4,,,
327,5,0,5,,,
328,5,0,5,,,
329,10,0,10,,,
330,5,0,5,,,
331,4,0,4,,,
332,4,0,4,,,
333,2,0,2,,,
334,13,0,13,,,
335,3,0,3,,,
336,1,1,2,,,
337,2,0,2,,,
338,2,0,2,,,
339,1,0,1,,,
340,3,0,3,,,
341,3,0,3,,,
342,1,0,1,,,
343,4,0,4,,,
344,4,0,4,,,
345,18,0,18,,,
346,7,0,7,,,
347,2,0,2,,,
348,2,0,2,,,
349,3,0,3,,,
350,8,0,8,,,
351,3,0,3,,,
352,13,0,13,,,
353,11,0,11,,,
354,2,0,2,,,
355,0,1,1,,,
356,5,0,5,,,
357,12,0,12,,,
358,3,0,3,,,
359,4,0,4,,,
360,1,0,1,,,
361,3,0,3,,,
362,22,0,22,,,
363,7,0,7,,,
364,3,0,3,,,
365,6,0,6,,,
366,11,0,11,,,
367,2,0,2,,,
368,8,0,8,,,
369,10,0,10,,,
370,2,0,2,,,
371,6,0,6,,,
372,5,0,5,,,
373,2,0,2,,,
374,6,0,6,,,
375,2,0,2,,,
376,5,0,5,,,
377,2,0,2,,,
378,8,0,8,,,
379,4,0,4,,,
380,5,0,5,,,
381,6,0,6,,,
382,5,0,5,,,
383,2,0,2,,,
384,10,0,10,,,
385,3,0,3,,,
386,12,0,12,,,
387,1,0,1,,,
388,2,0,2,,,
389,21,0,21,,,
390,2,0,2,,,
391,2,0,2,,,
392,4,0,4,,,
393,1,0,1,,,
394,5,0,5,,,
395,6,0,6,,,
396,10,0,10,,,
397,11,0,11,,,
398,4,0,4,,,
399,3,0,3,,,
400,4,0,4,,,
401,7,0,7,,,
402,9,0,9,,,
403,3,0,3,,,
404,3,0,3,,,
405,7,0,7,,,
406,1,0,1,,,
407,12,0,12,,,
408,5,0,5,,,
409,4,0,4,,,
410,2,0,2,,,
411,4,0,4,,,
412,7,0,7,,,
413,1,0,1,,,
414,8,0,8,,,
415,3,0,3,,,
416,1,0,1,,,
417,1,0,1,,,
418,7,0,7,,,
419,2,0,2,,,
420,7,0,7,,,
421,2,0,2,,,
422,8,0,8,,,
423,9,0,9,,,
424,8,0,8,,,
425,1,0,1,,,
426,10,0,10,,,
427,18,0,18,,,
428,0,2,2,,,
429,3,0,3,,,
430,2,0,2,,,
431,3,0,3,,,
432,11,0,11,,,
433,2,0,2,,,
434,4,0,4,,,
435,7,0,7,,,
436,2,0,2,,,
437,3,0,3,,,
438,4,0,4,,,
439,5,0,5,,,
440,9,0,9,,,
441,3,0,3,,,
442,6,1,7,,,
443,4,0,4,,,
444,7,0,7,,,
445,3,0,3,,,
446,3,0,3,,,
447,2,0,2,,,
448,1,0,1,,,
449,5,0,5,,,
450,3,0,3,,,
451,12,0,12,,,
452,8,0,8,,,
453,3,0,3,,,
454,10,0,10,,,
455,6,0,6,,,
456,6,0,6,,,
457,3,1,4,,,
458,1,0,1,,,
459,5,0,5,,,
460,2,0,2,,,
461,8,0,8,,,
462,4,0,4,,,
463,6,0,6,,,
464,6,0,6,,,
465,3,0,3,,,
466,1,1,2,,,
467,8,0,8,,,
468,3,0,3,,,
469,2,0,2,,,
470,7,0,7,,,
471,2,0,2,,,
472,3,0,3,,,
473,17,0,17,,,
474,4,0,4,,,
475,4,0,4,,,
476,8,0,8,,,
477,9,1,10,,,
478,3,0,3,,,
479,4,0,4,,,
480,1,0,1,,,
481,5,0,5,,,
482,5,0,5,,,
483,4,0,4,,,
484,2,0,2,,,
485,4,0,4,,,
486,1,0,1,,,
487,3,0,3,,,
488,1,0,1,,,
489,3,0,3,,,
490,13,0,13,,,
491,2,0,2,,,
492,13,0,13,,,
493,12,0,12,,,
494,2,0,2,,,
495,0,1,1,,,
496,2,0,2,,,
497,4,0,4,,,
498,10,0,10,,,
499,4,0,4,,,
500,4,0,4,,,
501,10,0,10,,,
502,9,0,9,,,
503,7,0,7,,,
504,9,0,9,,,
505,1,0,1,,,
506,3,0,3,,,
507,9,0,9,,,
508,3,0,3,,,
509,2,0,2,,,
510,2,0,2,,,
511,7,0,7,,,
512,13,2,15,,,
513,2,0,2,,,
514,30,0,30,,,
515,6,0,6,,,
516,3,0,3,,,
517,18,0,18,,,
518,3,0,3,,,
519,0,1,1,,,
520,5,0,5,,,
521,4,0,4,,,
522,2,0,2,,,
523,3,0,3,,,
524,12,0,12,,,
525,17,0,17,,,
526,7,0,7,,,
527,22,0,22,,,
528,10,1,11,,,
529,4,0,4,,,
530,5,0,5,,,
531,5,0,5,,,
532,15,0,15,,,
533,1,0,1,,,
534,3,0,3,,,
535,2,0,2,,,
536,4,0,4,,,
537,1,0,1,,,
538,11,0,11,,,
539,3,0,3,,,
540,11,0,11,,,
541,2,0,2,,,
542,2,0,2,,,
543,11,0,11,,,
544,2,0,2,,,
545,7,0,7,,,
546,5,0,5,,,
547,2,2,4,,,
548,1,0,1,,,
549,6,0,6,,,
550,6,0,6,,,
551,1,0,1,,,
552,10,0,10,,,
553,1,0,1,,,
554,9,0,9,,,
555,4,0,4,,,
556,3,1,4,,,
557,1,0,1,,,
558,6,0,6,,,
559,7,0,7,,,
560,8,0,8,,,
561,1,0,1,,,
562,4,0,4,,,
563,10,0,10,,,
564,15,0,15,,,
565,2,0,2,,,
566,12,0,12,,,
567,9,0,9,,,
568,3,0,3,,,
569,9,0,9,,,
570,2,0,2,,,
571,4,0,4,,,
572,7,0,7,,,
573,6,0,6,,,
574,5,0,5,,,
575,4,0,4,,,
576,7,0,7,,,
577,13,0,13,,,
578,8,0,8,,,
579,3,0,3,,,
580,6,0,6,,,
581,1,0,1,,,
582,2,0,2,,,
583,4,0,4,,,
584,7,0,7,,,
585,1,0,1,,,
586,1,0,1,,,
587,3,0,3,,,
588,2,0,2,,,
589,15,0,15,,,
590,3,0,3,,,
591,6,0,6,,,
592,12,0,12,,,
593,1,0,1,,,
594,4,0,4,,,
595,2,0,2,,,
596,8,0,8,,,
597,26,0,26,,,
598,5,0,5,,,
599,4,0,4,,,
600,3,0,3,,,
601,2,0,2,,,
602,4,0,4,,,
603,1,0,1,,,
604,2,0,2,,,
605,3,0,3,,,
606,4,0,4,,,
607,2,0,2,,,
608,4,0,4,,,
609,2,0,2,,,
610,12,0,12,,,
611,4,0,4,,,
612,2,0,2,,,
613,2,0,2,,,
614,1,0,1,,,
615,1,0,1,,,
616,2,0,2,,,
617,2,0,2,,,
618,1,0,1,,,
619,2,0,2,,,
620,1,0,1,,,
621,15,0,15,,,
622,5,0,5,,,
623,2,0,2,,,
624,10,0,10,,,
625,1,0,1,,,
626,1,0,1,,,
627,2,0,2,,,
628,9,0,9,,,
629,7,0,7,,,
630,2,0,2,,,
631,7,0,7,,,
632,5,0,5,,,
633,5,0,5,,,
634,9,0,9,,,
635,5,0,5,,,
636,0,5,5,,,
637,3,1,4,,,
638,3,0,3,,,
639,3,0,3,,,
640,4,0,4,,,
641,2,0,2,,,
642,3,0,3,,,
643,3,0,3,,,
644,14,0,14,,,
645,1,0,1,,,
646,4,0,4,,,
647,12,0,12,,,
648,2,0,2,,,
649,1,0,1,,,
650,13,0,13,,,
651,1,0,1,,,
652,4,0,4,,,
653,6,0,6,,,
654,5,0,5,,,
655,6,0,6,,,
656,5,0,5,,,
657,8,0,8,,,
658,7,0,7,,,
659,3,0,3,,,
660,1,0,1,,,
661,12,0,12,,,
662,1,0,1,,,
663,3,0,3,,,
664,2,0,2,,,
665,1,0,1,,,
666,3,0,3,,,
667,5,0,5,,,
668,2,0,2,,,
669,2,0,2,,,
670,16,0,16,,,
671,5,0,5,,,
672,4,0,4,,,
673,19,0,19,,,
674,5,0,5,,,
675,3,0,3,,,
676,2,0,2,,,
677,1,0,1,,,
678,8,0,8,,,
679,8,0,8,,,
680,3,0,3,,,
681,2,0,2,,,
682,7,0,7,,,
683,2,0,2,,,
684,2,0,2,,,
685,2,0,2,,,
686,10,0,10,,,
687,3,0,3,,,
688,11,0,11,,,
689,6,0,6,,,
690,2,0,2,,,
691,1,0,1,,,
692,1,0,1,,,
693,4,0,4,,,
694,18,0,18,,,
695,5,0,5,,,
696,1,0,1,,,
697,1,0,1,,,
698,4,0,4,,,
699,10,0,10,,,
700,4,0,4,,,
701,2,0,2,,,
702,8,0,8,,,
703,8,0,8,,,
704,4,0,4,,,
705,4,2,6,,,
706,2,0,2,,,
707,3,0,3,,,
708,9,0,9,,,
709,1,0,1,,,
710,2,0,2,,,
711,2,0,2,,,
712,10,1,11,,,
713,4,0,4,,,
714,12,0,12,,,
715,0,1,1,,,
716,1,0,1,,,
717,14,0,14,,,
718,4,0,4,,,
719,8,0,8,,,
720,0,1,1,,,
721,16,1,17,,,
722,4,1,5,,,
723,3,0,3,,,
724,7,4,11,,,
725,0,1,1,,,
726,8,0,8,,,
727,3,0,3,,,
728,1,0,1,,,
729,4,0,4,,,
730,3,0,3,,,
731,2,0,2,,,
732,8,0,8,,,
733,15,0,15,,,
734,6,0,6,,,
735,5,0,5,,,
736,2,0,2,,,
737,17,0,17,,,
738,4,0,4,,,
739,4,0,4,,,
740,3,0,3,,,
741,4,0,4,,,
742,8,0,8,,,
743,2,0,2,,,
744,1,0,1,,,
745,5,0,5,,,
746,4,0,4,,,
747,1,0,1,,,
748,12,0,12,,,
749,4,0,4,,,
750,7,0,7,,,
751,1,0,1,,,
752,2,0,2,,,
753,2,0,2,,,
754,8,0,8,,,
755,2,0,2,,,
756,1,0,1,,,
757,1,0,1,,,
758,3,0,3,,,
759,2,1,3,,,
760,13,1,14,,,
761,4,0,4,,,
762,3,0,3,,,
763,5,0,5,,,
764,2,0,2,,,
765,5,0,5,,,
766,2,0,2,,,
767,1,0,1,,,
768,3,6,9,,,
769,2,0,2,,,
770,2,0,2,,,
771,6,1,7,,,
772,2,1,3,,,
773,1,0,1,,,
774,3,0,3,,,
775,1,0,1,,,
776,1,0,1,,,
777,4,0,4,,,
778,4,0,4,,,
779,2,0,2,,,
780,2,0,2,,,
781,8,0,8,,,
782,7,0,7,,,
783,3,0,3,,,
784,3,0,3,,,
785,13,0,13,,,
786,2,0,2,,,
787,6,0,6,,,
788,4,0,4,,,
789,6,0,6,,,
790,7,0,7,,,
791,1,0,1,,,
792,2,0,2,,,
793,11,0,11,,,
794,2,0,2,,,
795,1,0,1,,,
796,6,2,8,,,
797,2,1,3,,,
798,3,0,3,,,
799,5,0,5,,,
800,2,0,2,,,
801,14,0,14,,,
802,1,0,1,,,
803,2,0,2,,,
804,6,0,6,,,
805,2,0,2,,,
806,7,0,7,,,
807,6,1,7,,,
808,11,0,11,,,
809,2,0,2,,,
810,7,0,7,,,
811,1,0,1,,,
812,13,0,13,,,
813,3,0,3,,,
814,9,0,9,,,
815,10,0,10,,,
816,3,0,3,,,
817,4,0,4,,,
818,8,0,8,,,
819,3,0,3,,,
820,6,0,6,,,
821,4,0,4,,,
822,3,0,3,,,
823,5,0,5,,,
824,3,0,3,,,
825,11,0,11,,,
826,6,0,6,,,
827,5,0,5,,,
828,9,0,9,,,
829,7,1,8,,,
830,3,0,3,,,
831,17,0,17,,,
832,6,0,6,,,
833,11,0,11,,,
834,5,1,6,,,
835,16,0,16,,,
836,5,0,5,,,
837,2,0,2,,,
838,1,0,1,,,
839,7,0,7,,,
840,4,0,4,,,
841,3,0,3,,,
842,16,1,17,,,
843,6,0,6,,,
844,5,0,5,,,
845,2,0,2,,,
846,3,0,3,,,
847,7,0,7,,,
848,0,2,2,,,
849,4,0,4,,,
850,5,0,5,,,
851,5,0,5,,,
852,3,0,3,,,
853,5,0,5,,,
854,10,0,10,,,
855,9,0,9,,,
856,3,0,3,,,
857,6,0,6,,,
858,3,0,3,,,
859,2,0,2,,,
860,13,0,13,,,
861,3,0,3,,,
862,9,1,10,,,
863,1,0,1,,,
864,2,0,2,,,
865,13,0,13,,,
866,4,0,4,,,
867,2,0,2,,,
868,1,0,1,,,
869,1,0,1,,,
870,5,0,5,,,
871,3,0,3,,,
872,2,1,3,,,
873,5,0,5,,,
874,1,0,1,,,
875,1,0,1,,,
876,11,0,11,,,
877,15,0,15,,,
878,4,0,4,,,
879,1,0,1,,,
880,15,0,15,,,
881,2,0,2,,,
882,3,0,3,,,
883,6,0,6,,,
884,8,0,8,,,
885,21,0,21,,,
886,4,0,4,,,
887,2,0,2,,,
888,7,0,7,,,
889,8,0,8,,,
890,4,0,4,,,
891,1,0,1,,,
892,17,1,18,,,
893,13,0,13,,,
894,7,0,7,,,
895,3,1,4,,,
896,5,0,5,,,
897,8,0,8,,,
898,1,0,1,,,
899,3,0,3,,,
900,15,0,15,,,
901,12,0,12,,,
902,2,0,2,,,
903,1,0,1,,,
904,5,0,5,,,
905,5,0,5,,,
906,3,0,3,,,
907,9,0,9,,,
908,2,0,2,,,
909,4,0,4,,,
910,7,0,7,,,
911,3,0,3,,,
912,8,0,8,,,
913,6,0,6,,,
914,5,0,5,,,
915,4,0,4,,,
916,4,0,4,,,
917,21,0,21,,,
918,6,0,6,,,
919,4,0,4,,,
920,2,0,2,,,
921,1,0,1,,,
922,7,0,7,,,
923,6,0,6,,,
924,5,0,5,,,
925,3,0,3,,,
926,1,0,1,,,
927,3,0,3,,,
928,5,0,5,,,
929,6,0,6,,,
930,1,0,1,,,
931,1,0,1,,,
932,16,0,16,,,
933,4,0,4,,,
934,13,0,13,,,
935,1,0,1,,,
936,6,0,6,,,
937,4,0,4,,,
938,19,0,19,,,
939,17,0,17,,,
940,7,1,8,,,
941,13,0,13,,,
942,14,0,14,,,
943,2,0,2,,,
944,4,0,4,,,
945,14,0,14,,,
946,2,0,2,,,
947,17,0,17,,,
948,3,0,3,,,
949,1,0,1,,,
950,1,0,1,,,
951,17,0,17,,,
952,5,0,5,,,
953,23,0,23,,,
954,3,0,3,,,
955,4,0,4,,,
956,1,0,1,,,
957,3,0,3,,,
958,2,0,2,,,
959,9,0,9,,,
960,27,0,27,,,
961,11,0,11,,,
962,2,0,2,,,
963,5,0,5,,,
964,2,0,2,,,
965,4,0,4,,,
966,2,0,2,,,
967,3,0,3,,,
968,5,0,5,,,
969,10,0,10,,,
970,2,0,2,,,
971,5,0,5,,,
972,2,0,2,,,
973,2,0,2,,,
974,6,0,6,,,
975,1,0,1,,,
976,2,0,2,,,
977,6,0,6,,,
978,1,0,1,,,
979,6,1,7,,,
980,4,0,4,,,
981,7,1,8,,,
982,3,0,3,,,
983,11,0,11,,,
984,19,0,19,,,
985,4,0,4,,,
986,1,0,1,,,
987,4,0,4,,,
988,5,0,5,,,
989,3,0,3,,,
990,7,0,7,,,
991,3,0,3,,,
992,12,0,12,,,
993,3,0,3,,,
994,3,0,3,,,
995,2,0,2,,,
996,7,0,7,,,
997,4,0,4,,,
998,15,0,15,,,
999,5,0,5,,,
1000,3,0,3,,,
1001,18,0,18,,,
1002,4,0,4,,,
1003,2,0,2,,,
1004,6,0,6,,,
1005,6,0,6,,,
1006,4,0,4,,,
1007,7,0,7,,,
1008,2,0,2,,,
1009,8,0,8,,,
1010,14,0,14,,,
1011,2,0,2,,,
1012,20,0,20,,,
1013,4,0,4,,,
1014,11,0,11,,,
1015,5,0,5,,,
1016,6,0,6,,,
1017,1,0,1,,,
1018,9,0,9,,,
1019,2,0,2,,,
1020,1,0,1,,,
1021,5,0,5,,,
1022,12,0,12,,,
1023,18,0,18,,,
1024,1,0,1,,,
1025,3,0,3,,,
1026,23,1,24,,,
1027,22,0,22,,,
1028,3,0,3,,,
1029,4,0,4,,,
1030,1,0,1,,,
1031,8,0,8,,,
1032,9,0,9,,,
1033,1,0,1,,,
1034,7,0,7,,,
1035,2,0,2,,,
1036,6,0,6,,,
1037,2,0,2,,,
1038,4,0,4,,,
1039,8,0,8,,,
1040,9,0,9,,,
1041,1,0,1,,,
1042,1,0,1,,,
1043,2,0,2,,,
1044,3,0,3,,,
1045,2,0,2,,,
1046,1,0,1,,,
1047,1,0,1,,,
1048,14,0,14,,,
1049,10,0,10,,,
1050,7,1,8,,,
1051,3,0,3,,,
1052,6,1,7,,,
1053,4,0,4,,,
1054,5,0,5,,,
1055,2,0,2,,,
1056,2,0,2,,,
1057,4,0,4,,,
1058,9,0,9,,,
1059,1,0,1,,,
1060,8,1,9,,,
1061,13,0,13,,,
1062,6,0,6,,,
1063,5,0,5,,,
1064,2,1,3,,,
1065,3,0,3,,,
1066,2,0,2,,,
1067,4,0,4,,,
1068,14,0,14,,,
1069,6,0,6,,,
1070,4,0,4,,,
1071,1,0,1,,,
1072,3,0,3,,,
1073,4,0,4,,,
1074,6,0,6,,,
1075,2,0,2,,,
1076,17,0,17,,,
1077,5,0,5,,,
1078,5,0,5,,,
1079,2,1,3,,,
1080,5,0,5,,,
1081,4,0,4,,,
1082,3,0,3,,,
1083,6,0,6,,,
1084,2,0,2,,,
1085,3,0,3,,,
1086,11,0,11,,,
1087,2,0,2,,,
1088,3,0,3,,,
1089,10,1,11,,,
1090,4,0,4,,,
1091,5,0,5,,,
1092,3,0,3,,,
1093,2,0,2,,,
1094,2,1,3,,,
1095,4,0,4,,,
1096,7,0,7,,,
1097,14,0,14,,,
1098,5,0,5,,,
1099,4,0,4,,,
1100,2,0,2,,,
1101,2,0,2,,,
1102,4,0,4,,,
1103,5,0,5,,,
1104,1,0,1,,,
1105,18,0,18,,,
1106,6,0,6,,,
1107,14,0,14,,,
1108,3,0,3,,,
1109,7,0,7,,,
1110,11,0,11,,,
1111,4,0,4,,,
1112,4,0,4,,,
1113,5,0,5,,,
1114,9,0,9,,,
1115,8,0,8,,,
1116,3,0,3,,,
1117,4,0,4,,,
1118,4,0,4,,,
1119,3,0,3,,,
1120,8,0,8,,,
1121,4,0,4,,,
1122,3,0,3,,,
1123,9,0,9,,,
1124,2,0,2,,,
1125,11,0,11,,,
1126,8,0,8,,,
1127,9,0,9,,,
1128,3,0,3,,,
1129,14,0,14,,,
1130,4,0,4,,,
1131,9,0,9,,,
1132,2,0,2,,,
1133,2,0,2,,,
1134,1,0,1,,,
1135,14,0,14,,,
1136,2,0,2,,,
1137,5,0,5,,,
1138,3,0,3,,,
1139,5,0,5,,,
1140,6,0,6,,,
1141,0,1,1,,,
1142,4,0,4,,,
1143,12,0,12,,,
1144,4,0,4,,,
1145,4,0,4,,,
1146,20,0,20,,,
1147,5,0,5,,,
1148,3,0,3,,,
1149,13,0,13,,,
1150,2,0,2,,,
1151,24,0,24,,,
1152,12,0,12,,,
1153,12,0,12,,,
1154,7,0,7,,,
1155,2,0,2,,,
1156,7,0,7,,,
1157,2,0,2,,,
1158,6,0,6,,,
1159,3,0,3,,,
1160,1,0,1,,,
1161,2,0,2,,,
1162,1,0,1,,,
1163,3,0,3,,,
1164,9,0,9,,,
1165,6,0,6,,,
1166,7,1,8,,,
1167,2,0,2,,,
1168,7,0,7,,,
1169,2,0,2,,,
1170,12,0,12,,,
1171,5,1,6,,,
1172,4,0,4,,,
1173,14,0,14,,,
1174,2,0,2,,,
1175,2,0,2,,,
1176,5,0,5,,,
1177,2,0,2,,,
1178,5,0,5,,,
1179,3,0,3,,,
1180,1,0,1,,,
1181,1,0,1,,,
1182,1,0,1,,,
1183,4,0,4,,,
1184,3,1,4,,,
1185,3,0,3,,,
1186,12,0,12,,,
1187,3,0,3,,,
1188,1,0,1,,,
1189,14,0,14,,,
1190,5,0,5,,,
1191,1,0,1,,,
1192,2,1,3,,,
1193,9,0,9,,,
1194,1,0,1,,,
1195,1,0,1,,,
1196,3,0,3,,,
1197,2,0,2,,,
1198,12,0,12,,,
1199,19,0,19,,,
1200,5,0,5,,,
1201,2,0,2,,,
1202,4,0,4,,,
1203,2,0,2,,,
1204,2,0,2,,,
1205,7,0,7,,,
1206,14,0,14,,,
1207,5,0,5,,,
1208,6,0,6,,,
1209,5,0,5,,,
1210,3,0,3,,,
1211,0,1,1,,,
1212,8,0,8,,,
1213,2,0,2,,,
1214,1,0,1,,,
1215,11,0,11,,,
1216,7,0,7,,,
1217,3,1,4,,,
1218,8,0,8,,,
1219,11,0,11,,,
1220,5,0,5,,,
1221,6,0,6,,,
1222,1,1,2,,,
1223,3,1,4,,,
1224,2,0,2,,,
1225,0,2,2,,,
1226,6,0,6,,,
1227,1,0,1,,,
1228,2,0,2,,,
1229,4,0,4,,,
1230,10,0,10,,,
1231,8,0,8,,,
1232,2,0,2,,,
1233,3,0,3,,,
1234,2,0,2,,,
1235,12,0,12,,,
1236,1,0,1,,,
1237,1,0,1,,,
1238,4,0,4,,,
1239,4,0,4,,,
1240,2,0,2,,,
1241,3,0,3,,,
1242,7,0,7,,,
1243,9,0,9,,,
1244,1,0,1,,,
1245,14,0,14,,,
1246,2,0,2,,,
1247,12,0,12,,,
1248,2,0,2,,,
1249,2,0,2,,,
1250,3,0,3,,,
1251,3,0,3,,,
1252,12,0,12,,,
1253,3,0,3,,,
1254,4,0,4,,,
1255,8,0,8,,,
1256,2,0,2,,,
1257,6,0,6,,,
1258,1,0,1,,,
1259,2,0,2,,,
1260,2,0,2,,,
1261,0,6,6,,,
1262,5,0,5,,,
1263,7,0,7,,,
1264,14,0,14,,,
1265,0,2,2,,,
1266,9,0,9,,,
1267,1,0,1,,,
1268,9,0,9,,,
1269,1,0,1,,,
1270,7,0,7,,,
1271,7,0,7,,,
1272,2,0,2,,,
1273,6,0,6,,,
1274,11,0,11,,,
1275,5,0,5,,,
1276,11,0,11,,,
1277,2,0,2,,,
1278,2,0,2,,,
1279,7,0,7,,,
1280,3,0,3,,,
1281,8,0,8,,,
1282,2,0,2,,,
1283,4,0,4,,,
1284,3,0,3,,,
1285,5,0,5,,,
1286,10,0,10,,,
1287,3,0,3,,,
1288,4,0,4,,,
1289,2,0,2,,,
1290,5,0,5,,,
1291,0,1,1,,,
1292,1,0,1,,,
1293,11,0,11,,,
1294,12,0,12,,,
1295,3,0,3,,,
1296,8,0,8,,,
1297,9,0,9,,,
1298,6,0,6,,,
1299,2,0,2,,,
1300,3,0,3,,,
1301,3,0,3,,,
1302,3,0,3,,,
1303,3,0,3,,,
1304,3,0,3,,,
1305,11,0,11,,,
1306,6,0,6,,,
1307,15,0,15,,,
1308,1,0,1,,,
1309,5,0,5,,,
1310,6,0,6,,,
1311,3,1,4,,,
1312,6,0,6,,,
1313,13,0,13,,,
1314,2,0,2,,,
1315,4,0,4,,,
1316,5,0,5,,,
1317,8,0,8,,,
1318,2,0,2,,,
1319,12,0,12,,,
1320,6,0,6,,,
1321,17,0,17,,,
1322,2,0,2,,,
1323,5,0,5,,,
1324,7,0,7,,,
1325,1,0,1,,,
1326,1,0,1,,,
1327,3,0,3,,,
1328,5,0,5,,,
1329,3,0,3,,,
1330,5,0,5,,,
1331,8,0,8,,,
1332,3,0,3,,,
1333,3,0,3,,,
1334,8,0,8,,,
1335,4,0,4,,,
1336,6,0,6,,,
1337,2,0,2,,,
1338,5,0,5,,,
1339,3,0,3,,,
1340,6,0,6,,,
1341,2,0,2,,,
1342,2,0,2,,,
1343,2,0,2,,,
1344,4,0,4,,,
1345,1,0,1,,,
1346,4,0,4,,,
1347,3,0,3,,,
1348,3,0,3,,,
1349,5,0,5,,,
1350,1,0,1,,,
1351,2,0,2,,,
1352,5,0,5,,,
1353,15,1,16,,,
1354,2,0,2,,,
1355,7,0,7,,,
1356,3,0,3,,,
1357,15,0,15,,,
1358,6,0,6,,,
1359,3,0,3,,,
1360,8,0,8,,,
1361,2,0,2,,,
1362,7,0,7,,,
1363,12,0,12,,,
1364,5,0,5,,,
1365,4,0,4,,,
1366,5,0,5,,,
1367,5,0,5,,,
1368,6,0,6,,,
1369,12,0,12,,,
1370,1,0,1,,,
1371,1,0,1,,,
1372,19,0,19,,,
1373,7,0,7,,,
1374,3,0,3,,,
1375,1,0,1,,,
1376,0,1,1,,,
1377,1,0,1,,,
1378,2,0,2,,,
1379,7,0,7,,,
1380,3,0,3,,,
1381,5,0,5,,,
1382,6,0,6,,,
1383,0,2,2,,,
1384,9,0,9,,,
1385,1,0,1,,,
1386,1,0,1,,,
1387,2,0,2,,,
1388,2,0,2,,,
1389,2,0,2,,,
1390,0,1,1,,,
1391,4,0,4,,,
1392,10,0,10,,,
1393,2,0,2,,,
1394,1,0,1,,,
1395,3,0,3,,,
1396,1,0,1,,,
1397,4,0,4,,,
1398,6,0,6,,,
1399,7,0,7,,,
1400,6,0,6,,,
1401,2,0,2,,,
1402,5,0,5,,,
1403,2,0,2,,,
1404,5,0,5,,,
1405,2,0,2,,,
1406,8,0,8,,,
1407,10,0,10,,,
1408,5,0,5,,,
1409,3,0,3,,,
1410,4,0,4,,,
1411,3,0,3,,,
1412,6,0,6,,,
1413,2,1,3,,,
1414,3,0,3,,,
1415,4,0,4,,,
1416,2,0,2,,,
1417,1,0,1,,,
1418,10,0,10,,,
1419,11,0,11,,,
1420,9,0,9,,,
1421,2,0,2,,,
1422,10,0,10,,,
1423,7,0,7,,,
1424,2,0,2,,,
1425,6,0,6,,,
1426,6,0,6,,,
1427,0,2,2,,,
1428,5,0,5,,,
1429,3,0,3,,,
1430,8,0,8,,,
1431,3,0,3,,,
1432,1,0,1,,,
1433,13,0,13,,,
1434,1,0,1,,,
1435,10,0,10,,,
1436,6,0,6,,,
1437,1,0,1,,,
1438,9,0,9,,,
1439,8,0,8,,,
1440,2,0,2,,,
1441,4,0,4,,,
1442,3,0,3,,,
1443,1,0,1,,,
1444,2,0,2,,,
1445,6,0,6,,,
1446,3,0,3,,,
1447,4,0,4,,,
1448,8,0,8,,,
1449,1,0,1,,,
1450,3,0,3,,,
1451,15,0,15,,,
1452,7,0,7,,,
1453,21,0,21,,,
1454,8,0,8,,,
1455,8,0,8,,,
1456,3,0,3,,,
1457,3,0,3,,,
1458,3,0,3,,,
1459,14,0,14,,,
1460,11,0,11,,,
1461,2,0,2,,,
1462,2,0,2,,,
1463,12,0,12,,,
1464,5,0,5,,,
1465,6,0,6,,,
1466,2,0,2,,,
1467,4,0,4,,,
1468,14,0,14,,,
1469,14,0,14,,,
1470,3,0,3,,,
1471,1,0,1,,,
1472,13,0,13,,,
1473,0,2,2,,,
1474,2,0,2,,,
1475,25,0,25,,,
1476,7,0,7,,,
1477,1,0,1,,,
1478,5,0,5,,,
1479,3,0,3,,,
1480,5,0,5,,,
1481,3,1,4,,,
1482,3,0,3,,,
1483,4,0,4,,,
1484,2,0,2,,,
1485,1,0,1,,,
1486,0,3,3,,,
1487,2,0,2,,,
1488,4,0,4,,,
1489,2,0,2,,,
1490,5,0,5,,,
1491,4,0,4,,,
1492,10,0,10,,,
1493,7,0,7,,,
1494,3,0,3,,,
1495,11,0,11,,,
1496,7,0,7,,,
1497,1,1,2,,,
1498,2,0,2,,,
1499,6,0,6,,,
1500,8,0,8,,,
1501,2,0,2,,,
1502,2,0,2,,,
1503,6,0,6,,,
1504,3,0,3,,,
1505,2,0,2,,,
1506,3,0,3,,,
1507,1,0,1,,,
1508,2,0,2,,,
1509,1,0,1,,,
1510,2,0,2,,,
1511,11,0,11,,,
1512,1,0,1,,,
1513,5,0,5,,,
1514,4,0,4,,,
1515,3,0,3,,,
1516,14,0,14,,,
1517,3,0,3,,,
1518,4,0,4,,,
1519,5,0,5,,,
1520,20,0,20,,,
1521,2,0,2,,,
1522,2,0,2,,,
1523,5,0,5,,,
1524,6,0,6,,,
1525,2,0,2,,,
1526,1,0,1,,,
1527,5,0,5,,,
1528,5,0,5,,,
1529,3,0,3,,,
1530,18,1,19,,,
1531,15,0,15,,,
1532,1,0,1,,,
1533,21,0,21,,,
1534,3,0,3,,,
1535,3,0,3,,,
1536,6,0,6,,,
1537,22,0,22,,,
1538,8,0,8,,,
1539,4,0,4,,,
1540,13,0,13,,,
1541,1,0,1,,,
1542,1,1,2,,,
1543,4,0,4,,,
1544,3,0,3,,,
1545,2,0,2,,,
1546,8,0,8,,,
1547,7,0,7,,,
1548,1,0,1,,,
1549,6,0,6,,,
1550,10,0,10,,,
1551,3,0,3,,,
1552,1,0,1,,,
1553,8,0,8,,,
1554,2,0,2,,,
1555,1,0,1,,,
1556,4,0,4,,,
1557,6,0,6,,,
1558,7,0,7,,,
1559,4,0,4,,,
1560,1,0,1,,,
1561,14,0,14,,,
1562,1,0,1,,,
1563,7,0,7,,,
1564,5,0,5,,,
1565,1,1,2,,,
1566,2,0,2,,,
1567,2,0,2,,,
1568,5,0,5,,,
1569,2,0,2,,,
1570,3,0,3,,,
1571,3,0,3,,,
1572,2,0,2,,,
1573,5,0,5,,,
1574,3,0,3,,,
1575,5,0,5,,,
1576,1,0,1,,,
1577,3,0,3,,,
1578,1,0,1,,,
1579,4,0,4,,,
1580,8,0,8,,,
1581,3,0,3,,,
1582,1,0,1,,,
1583,5,0,5,,,
1584,1,0,1,,,
1585,3,0,3,,,
1586,19,0,19,,,
1587,6,0,6,,,
1588,4,0,4,,,
1589,2,0,2,,,
1590,4,0,4,,,
